{"raw_xs": [1, 1, 1, 2, 2, 2, 3], "raw_ys": [8051521.169574834, 7561507.191393717, 11704209.560303211, 8276492.944022712, 11147807.693287877, 10588653.540824989, 17136345.720819566], "means": [9105745.973757254, 10004318.059378527, 17136345.720819566], "uppers": [12728248.025685996, 12440355.954582913, 17136345.720819566], "lowers": [5483243.921828512, 7568280.164174141, 17136345.720819566], "lognorm_means": [6.959315530473124, 7.000187490459228, 7.233918215341752], "lognorm_uppers": [7.1151035005606, 7.107260634311107, 7.233918215341752], "lognorm_lowers": [6.786782097953698, 6.885990402940548, 7.233918215341752]}