{"raw_xs": [1, 1, 1, 2, 2, 2, 3], "raw_ys": [9596550, 9379463, 19432874, 16089563, 29312624, 20451491, 18579532], "means": [12802962.333333334, 21951226.0, 18579532], "uppers": [21993024.001816727, 32733906.819210313, 18579532], "lowers": [3612900.664849939, 11168545.180789689, 18579532], "lognorm_means": [7.107310467786265, 7.341458781077717, 7.269034770347755], "lognorm_uppers": [7.368758072378023, 7.537943454267468, 7.269034770347755], "lognorm_lowers": [6.79312868743814, 7.118272493238415, 7.269034770347755]}