{"raw_xs": [1, 1, 1, 2, 2, 2, 3], "raw_ys": [53529982, 71729898, 103977537, 124429993, 156952865, 174541759, 224476597], "means": [76412472.33333333, 151974872.33333334, 224476597], "uppers": [117296520.14996761, 192661086.7710545, 224476597], "lowers": [35528424.51669905, 111288657.89561217, 224476597], "lognorm_means": [7.883164251552846, 8.181771787227051, 8.351171069956004], "lognorm_uppers": [8.0983350157627, 8.297818609574946, 8.351171069956004], "lognorm_lowers": [7.635822875137939, 8.057243838929562, 8.351171069956004]}