{"raw_xs": [1, 1, 1, 2, 2, 2, 3], "raw_ys": [94181289.68343464, 81333844.95525987, 133863883.36275455, 105786124.44811279, 162576651.24861866, 139245307.74676505, 221068619.49816358], "means": [103126339.33381636, 135869361.14783216, 221068619.49816358], "uppers": [146948424.49311203, 181550644.58715403, 221068619.49816358], "lowers": [59304254.1745207, 90188077.70851028, 221068619.49816358], "lognorm_means": [8.013369601912006, 8.133121533372565, 8.344527099222724], "lognorm_uppers": [8.18159490759269, 8.277679706243967, 8.344527099222724], "lognorm_lowers": [7.825671329984452, 7.975165260284024, 8.344527099222724]}