{"OR1": {"0.1": [55134826.8625, 66830093.27272727, 62123748.64084507, 63011230.77142857, 66830093.27272727, 47427807.98387097, 63924437.02173913, 53790074.97560976, 51891601.72352941, 60421728.11643836], "0.2": [50697737.112068966, 60420590.90068493, 50990787.61849711, 63463354.496402875, 52665112.00447761, 53463068.25454546, 54119056.82822086, 58419909.06622516, 57096480.69417476, 59006062.00501672], "0.30000000000000004": [60512619.53125, 55831615.16877637, 54829113.782458566, 53212169.39343163, 56227023.21175637, 54527854.91277473, 60512619.53125, 59783551.82003012, 58291157.7092511, 56547405.113247864], "0.4": [59704612.256345175, 53829787.660183065, 56774619.192679, 56547156.774038464, 55090438.43676815, 58035239.860197365, 57561869.22104405, 56008612.41904762, 55436647.00824823, 58662387.09600998], "0.5": [56576191.492047206, 58997858.35098983, 56692543.557840616, 58065822.66614007, 57014993.39477766, 58373211.883536264, 57822232.427372836, 56229983.2799592, 57192425.948392116, 58840446.77454642], "0.6": [58441117.367132865, 57055162.002694935, 57614120.416182876, 57593223.020130575, 56850882.86734694, 57260914.481968984, 58484167.91436464, 57343631.58559047, 57426588.015370704, 57844996.67486339], "0.7000000000000001": [57848753.393201284, 57084770.90649762, 56740074.203334205, 57205649.19428269, 57114942.561575055, 56517505.91867155, 57725144.944711536, 56063020.134241246, 55147471.953432, 56650836.86435124], "0.8": [57130771.29933212, 57304738.32673569, 57821208.72992626, 57142336.23289473, 57281481.53338068, 57856761.84074605, 56592450.073476344, 57655870.304840684, 57281481.53338068, 56321456.6948324], "0.9": [57016296.62703479, 57484169.7008045, 56862026.84330734, 57290589.26876203, 56862026.84330734, 56943594.94118585, 56744617.95584498, 56825849.31676475, 57364180.26396917, 56834889.38195991], "1.0": [57036983.41006078, 57036983.41006078, 57036983.41006078, 57036983.41006078, 57036983.41006078, 57036983.41006078, 57036983.41006078, 57036983.41006078, 57036983.41006078, 57036983.41006078]}, "OR2": {"0.1": [52097638.938709676, 51433974.74203822, 44368868.25274725, 50787006.5, 53125881.82236842, 54561716.47972973, 48940206.24545454, 50469587.70625, 48940206.24545454, 53477708.857615896], "0.2": [49616384.85714286, 49540286.10659509, 51929688.997588426, 47923244.110534124, 51515576.64114833, 49769285.89060093, 52778213.335784316, 50000412.60758514, 48791943.40861027, 49313384.03053435], "0.30000000000000004": [51107874.50984529, 47812761.51578947, 49171446.228010826, 48873838.27874916, 50504098.363099374, 54397752.691616766, 48972639.83962264, 48612306.03110368, 50294392.762283735, 48742721.34037559], "0.4": [49369708.442491405, 48699784.00904636, 50058321.19798528, 50233486.39832815, 50311731.70502336, 49597131.28598849, 48335401.03479237, 49807450.657478794, 49013856.97439302, 50966677.33136094], "0.5": [49058482.36342649, 48656460.570860445, 50242821.048780486, 48388220.253355704, 49346285.73392814, 49382498.7619863, 49201963.18096515, 48157360.42151718, 50280362.384931505, 49034650.21241195], "0.6": [48759027.25452868, 50821909.19798951, 49914375.0962397, 50259564.41571577, 49965850.90469234, 49777623.3822774, 50242191.596871756, 49514788.03219213, 49380214.12077459, 49922947.0309119], "0.7000000000000001": [49201260.2930863, 49490498.474108815, 48770681.03556021, 49864717.74801512, 49317778.29820516, 49330075.46284752, 49293202.3526224, 49745604.13892381, 49268650.88812103, 49447205.11084729], "0.8": [49299031.62491653, 49855464.84492572, 49563800.57082574, 49535296.51576728, 49563800.57082574, 49191104.94122406, 49464179.607723966, 49163027.826246195, 49383826.902341135, 49769043.583734594], "0.9": [49312195.43448432, 49453875.71918947, 49397852.14519296, 49491295.41971853, 49401583.100830816, 49271334.10451978, 49401583.100830816, 49792704.042859316, 49747258.92158503, 49543778.236176334], "1.0": [49512672.173155926, 49512672.173155926, 49512672.173155926, 49512672.173155926, 49512672.173155926, 49512672.173155926, 49512672.173155926, 49512672.173155926, 49512672.173155926, 49512672.173155926]}, "OR3": {"0.1": [71733284.51276596, 76624190.30909091, 81436337.55797102, 79142356.20422535, 80657042.4569378, 86006744.28571428, 86447804.51538461, 80272961.3, 87343636.69170985, 78406148.23488373], "0.2": [84497040.52130325, 80081518.18764846, 83142587.33600493, 76018757.93855694, 76623452.60795455, 81239323.27710843, 84603059.39335006, 81239323.27710843, 82836165.02211303, 83866465.58830845], "0.30000000000000004": [81742639.46632543, 79765688.13170347, 80102607.61906019, 81000714.8109984, 80699116.40292554, 82994714.91438732, 81479236.75966702, 80656214.16108453, 82994714.91438732, 82949337.81465282], "0.4": [80873695.43103448, 80728456.82714756, 79773373.03741497, 82506507.89094524, 82861374.593702, 79491239.09033304, 81459913.70416793, 80439538.99597375, 81781011.00090964, 81190178.88892233], "0.5": [80748774.36826979, 82487346.54198474, 82844083.64340475, 80841713.68329178, 81973906.52927446, 81942028.67314796, 81942028.67314796, 80919326.69614056, 79906684.37627986, 81199971.7615607], "0.6": [80527522.26877654, 82341303.65, 81522757.63883665, 82621566.76827773, 82824540.45612119, 81610463.67233728, 80892483.04912023, 81358815.90776244, 81076206.79265197, 81753389.1787687], "0.7000000000000001": [80924646.38527481, 80232915.55225837, 81531721.02383773, 81243027.99985246, 80577296.4230319, 81459355.59053254, 82393802.06937656, 81628408.50859769, 82328103.83150603, 80061826.65498692], "0.8": [80134705.41261235, 81226738.37227075, 81147313.95667544, 82330093.03643925, 81190061.63888471, 80529487.12420692, 82098283.1695457, 81472099.31132004, 81911285.3326247, 81349233.83128488], "0.9": [81294616.30989522, 81362434.48623525, 81449795.72637795, 81444937.40271398, 81688565.6943763, 81260749.60051776, 81698341.14656256, 81038896.997715, 81193100.7629482, 82096222.68055555], "1.0": [81348719.61765273, 81348719.61765273, 81348719.61765273, 81348719.61765273, 81348719.61765273, 81348719.61765273, 81348719.61765273, 81348719.61765273, 81348719.61765273, 81348719.61765273]}}