{"OR1": {"0.1": [5436824, 5438523, 5437916, 5438038, 5438523, 5435246, 5438159, 5436581, 5436218, 5437674], "0.2": [10850688, 10857475, 10850929, 10859172, 10852263, 10852869, 10853353, 10856263, 10855414, 10856626], "0.30000000000000004": [16259757, 16253097, 16251524, 16248861, 16253703, 16251039, 16259757, 16258788, 16256730, 16254187], "0.4": [21642410, 21626810, 21635033, 21634428, 21630437, 21638299, 21637088, 21632977, 21631405, 21639871], "0.5": [26996009, 27005674, 26996492, 27002050, 26997821, 27003257, 27001082, 26994560, 26998546, 27005069], "0.6": [32349541, 32341576, 32344835, 32344714, 32340370, 32342783, 32349782, 32343266, 32343748, 32346161], "0.7000000000000001": [37672799, 37666772, 37664001, 37667737, 37667014, 37662194, 37671835, 37658458, 37650746, 37663277], "0.8": [42973766, 42975572, 42980870, 42973887, 42975332, 42981231, 42968109, 42979184, 42975332, 42965220], "0.9": [48260341, 48266474, 48258298, 48263949, 48258298, 48259379, 48256734, 48257817, 48264910, 48257937], "1.0": [53529982, 53529982, 53529982, 53529982, 53529982, 53529982, 53529982, 53529982, 53529982, 53529982]}, "OR2": {"0.1": [7350653, 7350410, 7347378, 7350167, 7351016, 7351502, 7349439, 7350046, 7349439, 7351137], "0.2": [14659862, 14659740, 14663373, 14657078, 14662767, 14660104, 14664584, 14660467, 14658530, 14659377], "0.30000000000000004": [21935843, 21923999, 21929075, 21927987, 21933788, 21946238, 21928349, 21927020, 21933062, 21927503], "0.4": [29160691, 29156350, 29165035, 29166121, 29166603, 29162140, 29153938, 29163466, 29158400, 29170585], "0.5": [36349153, 36345060, 36360833, 36342291, 36352043, 36352404, 36350598, 36339883, 36361194, 36348912], "0.6": [43495829, 43524917, 43512414, 43517222, 43513136, 43510491, 43516982, 43506765, 43504842, 43512534], "0.7000000000000001": [50614673, 50620311, 50606155, 50627510, 50616952, 50617191, 50616472, 50625230, 50615993, 50619471], "0.8": [57690445, 57704456, 57697151, 57696431, 57697151, 57687690, 57694636, 57686972, 57692600, 57702300], "0.9": [64725783, 64730326, 64728532, 64731521, 64728652, 64724469, 64728652, 64741085, 64739650, 64733194], "1.0": [71729898, 71729898, 71729898, 71729898, 71729898, 71729898, 71729898, 71729898, 71729898, 71729898]}, "OR3": {"0.1": [10619141, 10620961, 10622538, 10621810, 10622296, 10623872, 10623994, 10622174, 10624237, 10621567], "0.2": [21198366, 21193036, 21196791, 21187587, 21188434, 21194490, 21198486, 21194490, 21196428, 21197639], "0.30000000000000004": [31717751, 31712188, 31713155, 31715694, 31714848, 31721136, 31717025, 31714727, 31721136, 31721015], "0.4": [42186314, 42185590, 42180761, 42194282, 42195973, 42179313, 42189212, 42184141, 42190781, 42187883], "0.5": [52606191, 52619451, 52622103, 52606915, 52615594, 52615352, 52615352, 52607517, 52599562, 52609686], "0.6": [62974041, 62994020, 62985114, 62997029, 62999195, 62986076, 62978133, 62983308, 62980180, 62987642], "0.7000000000000001": [73299572, 73288998, 73308703, 73304378, 73294285, 73307621, 73321440, 73310145, 73320479, 73286355], "0.8": [83555070, 83576783, 83575223, 83598137, 83576063, 83562987, 83593697, 83581580, 83590099, 83579181], "0.9": [93801677, 93803355, 93805511, 93805391, 93811380, 93800841, 93811620, 93795330, 93799163, 93821321], "1.0": [103977537, 103977537, 103977537, 103977537, 103977537, 103977537, 103977537, 103977537, 103977537, 103977537]}}