{"OR1": {"0.1": [2331324, 2331203, 2333619, 2331807, 2332532, 2331203, 2332532, 2329875, 2333740, 2331928], "0.2": [4622982, 4624543, 4622862, 4624543, 4624785, 4628749, 4619860, 4624785, 4622142, 4625385], "0.30000000000000004": [6874206, 6880656, 6878147, 6876355, 6878386, 6873490, 6875519, 6879820, 6879700, 6880895], "0.4": [9105811, 9083838, 9099274, 9086805, 9097374, 9093336, 9093336, 9102721, 9098680, 9100938], "0.5": [11266158, 11259077, 11266392, 11272768, 11268280, 11277257, 11283875, 11267454, 11261790, 11275485], "0.6": [13415405, 13414700, 13406950, 13407655, 13413526, 13411060, 13406950, 13416110, 13409181, 9886115], "0.7000000000000001": [7948399, 7965843, 7951589, 7956556, 7953895, 7948634, 7959453, 7958981, 7950289, 7955551], "0.8": [9012152, 9018208, 9010330, 9021383, 9010624, 9015208, 9019501, 9013446, 9016267, 9017502], "0.9": [10055359, 10053606, 10058750, 10051269, 10056646, 10048289, 10054191, 10049457, 10052496, 10053138], "1.0": [9596550, 9596550, 9596550, 9596550, 9596550, 9596550, 9596550, 9596550, 9596550, 9596550]}, "OR2": {"0.1": [2996684, 2999216, 2999336, 2995118, 3000783, 2996081, 3003197, 2998854, 2997167, 3001146], "0.2": [5932346, 5924089, 5933184, 5923013, 5920980, 5926122, 5929353, 5930191, 5928994, 5926960], "0.30000000000000004": [8792876, 8795728, 8796083, 8789314, 8798816, 8786941, 8785397, 8786703, 8780057, 8791571], "0.4": [11586068, 11594553, 11577587, 11588307, 11591724, 11591724, 11596439, 11581238, 11585832, 11590782], "0.5": [7345281, 7342616, 7348243, 7339478, 7339478, 7340426, 7339775, 7347236, 7339419, 7335453], "0.6": [8708697, 8702705, 8706111, 8716100, 8702412, 8709283, 8707639, 8714338, 8711340, 8716747], "0.7000000000000001": [10049555, 10042558, 10042441, 10042499, 10039352, 10044015, 10051770, 10046930, 10052412, 10048038], "0.8": [9814261, 9805830, 9811634, 9814261, 9803095, 9813419, 9808693, 9812134, 9813660, 9816078], "0.9": [12613051, 12616781, 12621546, 12620225, 12619306, 12616494, 12614486, 12611789, 12623153, 12622464], "1.0": [9379463, 9379463, 9379463, 9379463, 9379463, 9379463, 9379463, 9379463, 9379463, 9379463]}, "OR3": {"0.1": [4156862, 4160481, 4162774, 4159757, 4161808, 4161688, 4159757, 4159153, 4156018, 4159153], "0.2": [8236307, 8241461, 8239303, 8240382, 8230197, 8240262, 8239783, 8234031, 8238345, 8236666], "0.30000000000000004": [12238545, 12230210, 12231163, 12231163, 12227116, 12224855, 12219739, 12222118, 12230567, 12239141], "0.4": [16134700, 16134700, 16138955, 16135291, 16149951, 16124655, 16133164, 16142501, 16136473, 16140610], "0.5": [14720242, 19969756, 14728335, 19967878, 14729282, 19973044, 14709360, 14724551, 14724762, 14710721], "0.6": [12153211, 12152268, 12154215, 12153388, 12146663, 12144126, 12149967, 12157521, 12144479, 12156576], "0.7000000000000001": [14033010, 14033010, 14035882, 14031427, 14029845, 14040278, 14031310, 14029318, 14039165, 14034769], "0.8": [15873122, 15871841, 15875159, 15877254, 15875276, 15871550, 15873471, 15872366, 15873530, 15877893], "0.9": [17678624, 17669376, 17669433, 17670358, 17668047, 17680184, 17679260, 17668047, 17662038, 17674751], "1.0": [19432874, 19432874, 19432874, 19432874, 19432874, 19432874, 19432874, 19432874, 19432874, 19432874]}}