{"OR1": {"0.1": [4782639.625, 4754994.306358381, 5376562.2549019605, 4896512.008928572, 5077864.324074074, 4754994.306358381, 5077864.324074074, 4470728.3125, 5411934.378289473, 4925832.443113772], "0.2": [4896298.609375, 4992887.210925645, 4889023.2763744425, 4992887.210925645, 5008086.2602739725, 5272937.002403846, 4713914.974928367, 5008086.2602739725, 4845821.298969072, 5046491.833588957], "0.30000000000000004": [4899524.809728657, 5081113.256348662, 5008918.811907983, 4958594.773275285, 5015705.965447155, 4880146.33124588, 4935454.662, 5056818.31352459, 5053366.560068259, 5088097.605154639], "0.4": [5230953.3644674085, 4872668.853202517, 5119050.422987165, 4918190.8015695065, 5087390.270390414, 5021395.884204502, 5021395.884204502, 5177450.295830055, 5109114.376940994, 5147078.077630036], "0.5": [4985261.392121213, 4913788.1033452805, 4987679.661290322, 5053871.533669206, 5007110.60421232, 5101514.088191516, 5173384.482389937, 4998590.969372873, 4940942.629505046, 5082600.9100346025], "0.6": [5076713.514657981, 5071496.8193183765, 5014812.852667231, 5019913.527377522, 5062826.110959139, 5044713.784071551, 5014812.852667231, 5081940.953149133, 5031000.663353721, 4973542.134783339], "0.7000000000000001": [4990179.243407206, 5179346.941210486, 5023766.393618347, 5076921.251794936, 5048306.337111724, 4992651.771460423, 5108450.930608365, 5103276.505254495, 5010028.311373524, 5066073.128393665], "0.8": [5038686.805752297, 5088854.499565007, 5023780.869453192, 5115557.26605772, 5026179.084733626, 5063889.935792613, 5099699.681197327, 5049318.986907731, 5072672.9409809215, 5082958.36554987], "0.9": [5057123.764933586, 5045634.652631579, 5079485.06762217, 5030396.796375991, 5065582.423325477, 5011101.499887184, 5049458.551951497, 5018650.614078036, 5038385.176837568, 5042579.700597896], "1.0": [5053845.1017449, 5053845.1017449, 5053845.1017449, 5053845.1017449, 5053845.1017449, 5053845.1017449, 5053845.1017449, 5053845.1017449, 5053845.1017449, 5053845.1017449]}, "OR2": {"0.1": [4589056.177852349, 4936963.001805054, 4954850.550724638, 4397230.65755627, 5180071.053030303, 4513329.169966997, 5604667.081967213, 4884066.964285715, 4651492.323129252, 5239612.105363985], "0.2": [4959242.129193109, 4667273.066552901, 4990916.124087592, 4631705.359441152, 4565979.984140234, 4735968.867965368, 4849329.836879432, 4879611.114629795, 4836466.891688771, 4764846.729965157], "0.30000000000000004": [4845478.708858267, 4891699.496224165, 4897539.169916434, 4788916.694747082, 4942777.48815261, 4751936.639189189, 4728204.33691894, 4748270.021026234, 4647853.423904833, 4824584.835358683], "0.4": [4807724.527796089, 4885008.7881223485, 4732847.564352152, 4827880.4800308915, 4858972.762602709, 4858972.762602709, 4902521.705131078, 4764798.411476481, 4805612.634526686, 4850355.651961871], "0.5": [4872102.6425823, 4841056.955607477, 4907068.217023109, 4804995.670274069, 4804995.670274069, 4815825.355965629, 4808374.711181435, 4895123.748496563, 4804320.431913997, 4759507.748851455], "0.6": [4821266.54759573, 4773582.145495976, 4800580.467625548, 4881502.506742687, 4771268.91490599, 4825992.816635624, 4812782.550444813, 4867024.49485912, 4842607.981506984, 4886832.716497916], "0.7000000000000001": [4854899.857556876, 4813053.280706795, 4812361.948649813, 4812707.589851325, 4794113.740180296, 4821711.7209829455, 4868303.389494333, 4839122.395573048, 4872197.183050971, 4845771.465215505], "0.8": [4826541.080957371, 4791397.643408518, 4814857.754249876, 4826541.080957371, 4875204.406834893, 4822817.513307985, 4802440.154494074, 4816977.786504486, 4823880.803395249, 4833738.508477853], "0.9": [4802175.390076303, 4815746.166688405, 4833186.910790645, 4828341.293317641, 4824976.155508123, 4814699.538272625, 4807385.85825268, 4797599.512149168, 4839099.066644823, 4836563.515391668], "1.0": [4821395.91483623, 4821395.91483623, 4821395.91483623, 4821395.91483623, 4821395.91483623, 4821395.91483623, 4821395.91483623, 4821395.91483623, 4821395.91483623, 4821395.91483623]}, "OR3": {"0.1": [6755184.623393316, 7319684.772980501, 7728726.00882353, 7199361.179452055, 7551054.135057472, 7529417.875358166, 7199361.179452055, 7102072.508108108, 6635774.785353536, 7102072.508108108], "0.2": [7396842.756509501, 7627658.620101596, 7529307.714541547, 7578164.0764239365, 7140566.2578125, 7572704.303674351, 7550943.657686782, 7299245.519097222, 7486405.673433049, 7412491.9312411845], "0.30000000000000004": [7626341.963882619, 7457990.033112583, 7476853.113815998, 7476853.113815998, 7397336.997810448, 7353633.822294776, 7256608.269714637, 7301415.9805495525, 7465052.5241477275, 7638658.408430233], "0.4": [7401961.552464789, 7401961.552464789, 7449174.634301914, 7408483.10493392, 7573976.163303909, 7292825.945446661, 7385059.127261549, 7488981.412718205, 7421560.745895851, 7467698.338010658], "0.5": [7372881.787037037, 7476937.944969269, 7437153.488169365, 7463346.600374915, 7444738.980677697, 7500842.292589633, 7312966.3459868645, 7406965.468823994, 7408636.150219916, 7324381.3906790055], "0.6": [7405432.2649131045, 7396168.236434715, 7415300.757270518, 7407171.854474982, 7341636.918626309, 7317217.796642945, 7373683.975719074, 7447995.5742461225, 7320615.359696642, 7438624.815640481], "0.7000000000000001": [7407915.922674185, 7407915.922674185, 7428859.143578352, 7396426.162597656, 7384971.988815601, 7461145.4316509245, 7395576.486932797, 7381161.810393258, 7452939.72589141, 7420724.26182929], "0.8": [7414335.2155453665, 7407150.781712473, 7425793.764140946, 7437616.70843837, 7426449.608191654, 7405519.897199349, 7416297.026018698, 7410088.18473232, 7416624.095369349, 7441236.787610619], "0.9": [7442831.584711683, 7401420.688806204, 7401678.0758276535, 7405798.704123173, 7395505.723992356, 7449865.412723136, 7445695.6144091515, 7395505.723992356, 7368877.395253427, 7425434.509995116], "1.0": [7418444.936181926, 7418444.936181926, 7418444.936181926, 7418444.936181926, 7418444.936181926, 7418444.936181926, 7418444.936181926, 7418444.936181926, 7418444.936181926, 7418444.936181926]}}